Day,Moonlight,Rocky Point,Waterfall
Tuesday,22.888421052631575,22.496945454545457,22.083241106719367
Wednesday,22.8443109540636,22.57637037037037,22.02648854961832
Thursday,22.157010676156585,22.01869565217391,21.59701550387597
Friday,21.86400696864111,21.752140221402215,21.376370656370653
Saturday,21.84809187279152,21.668795620437955,21.376731517509725
Sunday,22.069330985915496,21.912888888888887,21.640583657587552
Monday,22.1170297029703,22.111782178217823,21.52096774193549
